<?xml version="1.0" encoding="UTF-8"?>
<!DOCTYPE suite SYSTEM "https://testng.org/testng-1.0.dtd">
<suite parallel="tests" name="Suite">
<parameter name="url" value="http://leaftaps.com/opentaps/"></parameter>
  <test thread-count="5" name="EnTest">
     <parameter name="language" value="English"></parameter>
       <classes>     
      <class name="testcase.CreateLeadTc"/>     
    </classes>
  </test> <!-- Test -->
   <test thread-count="5"  name="FrTest">
     <parameter name="language" value="French"></parameter>
       <classes>     
      <class name="testcase.CreateLeadTc"/>     
    </classes>
  </test> <!-- Test -->
</suite> <!-- Suite -->
